dataset,device,rank,data,count
apple_isolated_group1_6h_labeled,AirPods,1,0719010e2001998f010005e2541d590f85a82e20b03edff72a336d,3440
apple_isolated_group1_6h_labeled,AirPods,2,0719010e2001998f010005a356f38d5d3a9c732b690f8421ee0ee1,3339
apple_isolated_group1_6h_labeled,AirPods,3,0719010e2001998f01000527ee3fd739e283ad7d76e15131d3875e,3164
apple_isolated_group1_6h_labeled,AirPods,4,0719010e2001998f010005def0f7656bd61b3dcb83cd351b1ab436,3125
apple_isolated_group1_6h_labeled,AirPods,5,0719010e2001998f01000504858eed07d2c021f2e7328031f93e10,2674
apple_isolated_group1_6h_labeled,AirPods,6,0719010e2001998f0200056bf278dab8bf6b45681892e59300d1d9,2559
apple_isolated_group1_6h_labeled,AirPods,7,0719010e2001998f01000504ba49be5f7914a3f9b2e716c6738cfc,2399
apple_isolated_group1_6h_labeled,AirPods,8,0719010e2001998f02000514af5b180a98b40895c17211ce29ca59,2332
apple_isolated_group1_6h_labeled,AirPods,9,0719010e2001998f0200058abeb8b7a52aadf0a6ec29d865bc9f2e,2285
apple_isolated_group1_6h_labeled,AirPods,10,0719010e2001998f010005104689564a02fce2f4fd35226ddb5ef7,2220
apple_isolated_group1_6h_labeled,iPad,1,10051118925500,9963
apple_isolated_group1_6h_labeled,iPad,2,100513188bbc4a,9960
apple_isolated_group1_6h_labeled,iPad,3,10051518846ff6,9600
apple_isolated_group1_6h_labeled,iPad,4,10051818b230ba,8886
apple_isolated_group1_6h_labeled,iPad,5,10051218522793,8478
apple_isolated_group1_6h_labeled,iPad,6,10051718486838,8261
apple_isolated_group1_6h_labeled,iPad,7,100517189b08f3,8214
apple_isolated_group1_6h_labeled,iPad,8,10051f1818c242,8077
apple_isolated_group1_6h_labeled,iPad,9,10051b1858ec2b,7752
apple_isolated_group1_6h_labeled,iPad,10,10051f183e9146,7667
apple_isolated_group1_6h_labeled,AirTag,1,12025000,1091
apple_isolated_group1_6h_labeled,AirTag,2,121950827bb8d1b8133315af8afdffc2b5c980cf21475798a002be,1071
apple_isolated_group1_6h_labeled,AirTag,3,1219501fcbbb85b85560374bf48f212ff8e0a37e3654f5a65201a2,1048
apple_isolated_group1_6h_labeled,AirTag,4,121950fc27bbbbf6c2a28090d0a8ffbfcd46ed01472567af350267,1018
apple_isolated_group1_6h_labeled,AirTag,5,121950633971c87b3ab1bcb33172790dbf4cbd736d0129d4220053,1008
apple_isolated_group1_6h_labeled,AirTag,6,1219504c8175c87e2d1affc288a1a483ec78b6db1897374ca503e4,1008
apple_isolated_group1_6h_labeled,AirTag,7,121950c681fd2638ec5016a6c7b8ff0ce5ade7d572b027bc2f01b5,1003
apple_isolated_group1_6h_labeled,AirTag,8,12195029f93a86353f5df51756a787915dd1a815765f82de8f02f9,999
apple_isolated_group1_6h_labeled,AirTag,9,1219507a42ff3f90408769f5c0333323d4111210203ddf16ac01e5,976
apple_isolated_group1_6h_labeled,AirTag,10,121950fba061848ecf3901739dba2d01bbc2d874a04902c15502b7,974
apple_apartment_group1_6h_1_labeled,AirPods,1,0719010e2021888f010004c42e476b4026d005c02b5454afe7b1e3,4467
apple_apartment_group1_6h_1_labeled,AirPods,2,0719010e2021888f0100043818e9ffc110db45fc879af8e55c23e6,4401
apple_apartment_group1_6h_1_labeled,AirPods,3,0719010e2021888f0100047cd65caa6e5880496cedff9ae7b35d0b,4350
apple_apartment_group1_6h_1_labeled,AirPods,4,0719010e2001678f010004f010c3e0904b873cea761d1583fb14ea,4250
apple_apartment_group1_6h_1_labeled,AirPods,5,0719010e2021888f010004cf94d841bf365ca40257b6f6dc851e29,4218
apple_apartment_group1_6h_1_labeled,AirPods,6,0719010e2021888f010004b34290270e8f32612d4ae9ad01167abf,4057
apple_apartment_group1_6h_1_labeled,AirPods,7,0719010e2021888f0100040924021dd4358c02647c362a55cffd17,4000
apple_apartment_group1_6h_1_labeled,AirPods,8,0719010e2021888f0100042a3c0ee9b67d58a860939c90940f78db,3840
apple_apartment_group1_6h_1_labeled,AirPods,9,0719010e2001778f01000421d5e6e9fd51521d69d7266f5b8c730d,3556
apple_apartment_group1_6h_1_labeled,AirPods,10,0719010e2021888f01000478aa15ff8bf7e5b6d5583068a14d748e,3085
apple_apartment_group1_6h_1_labeled,iPad,1,1006171d1e979468,13128
apple_apartment_group1_6h_1_labeled,iPad,2,1006111d537a8368,11182
apple_apartment_group1_6h_1_labeled,iPad,3,1006111d9ff0d778,11129
apple_apartment_group1_6h_1_labeled,iPad,4,10061c1d53ad5f48,10787
apple_apartment_group1_6h_1_labeled,iPad,5,10061c1d1a9b9e68,10785
apple_apartment_group1_6h_1_labeled,iPad,6,1006121d330b0638,10745
apple_apartment_group1_6h_1_labeled,iPad,7,10061e1d50ee2968,10558
apple_apartment_group1_6h_1_labeled,iPad,8,10061f1dc150bc68,9608
apple_apartment_group1_6h_1_labeled,iPad,9,1006111d746d2848,9596
apple_apartment_group1_6h_1_labeled,iPad,10,1006161d66934678,8326
apple_apartment_group1_6h_1_labeled,AirTag,1,121950eaac0af04aab3f1a10b251fb11ab62aacee5c994c19a0226,1763
apple_apartment_group1_6h_1_labeled,AirTag,2,121950eaac0af04aab3f1a10b251fb11ab62aacee5c994c19a0285,1606
apple_apartment_group1_6h_1_labeled,AirTag,3,121950eaac0af04aab3f1a10b251fb11ab62aacee5c994c19a02b1,1537
apple_apartment_group1_6h_1_labeled,AirTag,4,121950eaac0af04aab3f1a10b251fb11ab62aacee5c994c19a0208,1480
apple_apartment_group1_6h_1_labeled,AirTag,5,121950eaac0af04aab3f1a10b251fb11ab62aacee5c994c19a0200,1284
apple_apartment_group1_6h_1_labeled,AirTag,6,12195018261c7fa6b7e57ccf32a278e362a473b33f3973dcf30321,1249
apple_apartment_group1_6h_1_labeled,AirTag,7,121950eaac0af04aab3f1a10b251fb11ab62aacee5c994c19a022f,1161
apple_apartment_group1_6h_1_labeled,AirTag,8,121950eaac0af04aab3f1a10b251fb11ab62aacee5c994c19a0283,1146
apple_apartment_group1_6h_1_labeled,AirTag,9,12195068f4617cda4b3526e2de4d26e774943c4abd67fdc5980095,1059
apple_apartment_group1_6h_1_labeled,AirTag,10,12195016c393762b1dd3f1e5eba55af370fd6593a77351ef660060,1042
apple_apartment_group1_6h_2_labeled,AirPods,1,0719010e2021778f0100059a606d14a9d1c586c79828a4bafe5505,3013
apple_apartment_group1_6h_2_labeled,AirPods,2,0719010e2001998f01000553a1c28fc1a3105623d1ef2cfe66eb59,2889
apple_apartment_group1_6h_2_labeled,AirPods,3,0719010e2021888f010005bd066932631d11356e5563fcbe65f3b5,2857
apple_apartment_group1_6h_2_labeled,AirPods,4,0719010e2001558f01000588a8f39bdd43b6beb02a33ad7a346a10,2849
apple_apartment_group1_6h_2_labeled,AirPods,5,0719010e2001668f01000576da2662dbc9844302fa29fad1a1209c,2815
apple_apartment_group1_6h_2_labeled,AirPods,6,0719010e2001558f0100058498964a5caec4bc59033cad431d1775,2795
apple_apartment_group1_6h_2_labeled,AirPods,7,0719010e2001668f010005852ddb67f7db21fc144ad18cec9e9cf3,2743
apple_apartment_group1_6h_2_labeled,AirPods,8,0719010e2001558f010005da907943e0d47391fd35870d57c3fa8c,2735
apple_apartment_group1_6h_2_labeled,AirPods,9,0719010e2021878f0100053379f7f8e2bbd8775d30812b37e28ffc,2727
apple_apartment_group1_6h_2_labeled,AirPods,10,0719010e2021888f0100058c9832d46edf1ce024e34c43cc9585e4,2724
apple_apartment_group1_6h_2_labeled,iPad,1,1006151d65fc5a08,9989
apple_apartment_group1_6h_2_labeled,iPad,2,10061e1d4bbd0d68,9885
apple_apartment_group1_6h_2_labeled,iPad,3,1006141d8e97c608,9264
apple_apartment_group1_6h_2_labeled,iPad,4,10061f1d2f5aa828,9231
apple_apartment_group1_6h_2_labeled,iPad,5,1006141d5bcaa128,8993
apple_apartment_group1_6h_2_labeled,iPad,6,1006181d7f351328,8816
apple_apartment_group1_6h_2_labeled,iPad,7,1006141dba051d28,8728
apple_apartment_group1_6h_2_labeled,iPad,8,10061a1dbf867508,8120
apple_apartment_group1_6h_2_labeled,iPad,9,1006171da3a10728,7640
apple_apartment_group1_6h_2_labeled,iPad,10,10061c1d82778d28,6892
apple_apartment_group1_6h_2_labeled,AirTag,1,12195018ddde9e4925a6f38699a934aa1c75ce995ec501be8c0120,2228
apple_apartment_group1_6h_2_labeled,AirTag,2,1219507d5eea71e5830844757890daaa125f28d647b3bca9bf031a,1507
apple_apartment_group1_6h_2_labeled,AirTag,3,1219507d5eea71e5830844757890daaa125f28d647b3bca9bf030e,1203
apple_apartment_group1_6h_2_labeled,AirTag,4,1219505913519c8f3e1ed068e3265f7b83503a6bb58251585302ce,1151
apple_apartment_group1_6h_2_labeled,AirTag,5,1219506c9e7c87c1db72e5c81ec9a1fded62ff9657d7f1c5b701bb,1116
apple_apartment_group1_6h_2_labeled,AirTag,6,12195098b84fbe9adb1266a1810cc22800d79ca042b4de00c20070,1095
apple_apartment_group1_6h_2_labeled,AirTag,7,12195018ddde9e4925a6f38699a934aa1c75ce995ec501be8c010c,1089
apple_apartment_group1_6h_2_labeled,AirTag,8,1219502742117c7c0bab8363ceca9988ab19ff54bb62806927021a,1020
apple_apartment_group1_6h_2_labeled,AirTag,9,121950a69c3726146384a947ffdabba0d90c6d87c70c7e3728013d,990
apple_apartment_group1_6h_2_labeled,AirTag,10,12195080cac202a152f07eaaa142f58855aec19bdc013e7679024c,974
apple_apartment_group1_6h_3_labeled,AirPods,1,0719010e2021888f0100042c173eb6f70744822aa630dae583783a,3670
apple_apartment_group1_6h_3_labeled,AirPods,2,0719010e2021998f010004721c38ee93031f77b746689f774236a8,3615
apple_apartment_group1_6h_3_labeled,AirPods,3,0719010e2021998f0100044f3025f58e2f984a7d4235ed49bf61df,3374
apple_apartment_group1_6h_3_labeled,AirPods,4,0719010e2021888f01000436d4834df9fd953791d6c6e52d65ee43,3181
apple_apartment_group1_6h_3_labeled,AirPods,5,0719010e2021888f010004a27f11d168844343a051f79e49851fdc,3128
apple_apartment_group1_6h_3_labeled,AirPods,6,0719010e2021888f0100046932f0156e0f21336b0d319b2e5c7216,3111
apple_apartment_group1_6h_3_labeled,AirPods,7,0719010e2021888f010004dfb8ddb73e6a7eda1cadf5763a85a96e,3111
apple_apartment_group1_6h_3_labeled,AirPods,8,0719010e2021998f0100040ffb49a7ecde1d557aac78d19c9fff5d,3106
apple_apartment_group1_6h_3_labeled,AirPods,9,0719010e2021998f0100044818ce7049910c8033e91f072f8fd851,3095
apple_apartment_group1_6h_3_labeled,AirPods,10,0719010e2021998f01000459b4335c86ef4b394418a5eed8995a73,3090
apple_apartment_group1_6h_3_labeled,iPad,1,10051118440ada,16775
apple_apartment_group1_6h_3_labeled,iPad,2,10051218aa3cf6,14295
apple_apartment_group1_6h_3_labeled,iPad,3,1005161810838a,10054
apple_apartment_group1_6h_3_labeled,iPad,4,10051918152f05,9903
apple_apartment_group1_6h_3_labeled,iPad,5,10051b189b3651,9118
apple_apartment_group1_6h_3_labeled,iPad,6,10051f18d39206,9004
apple_apartment_group1_6h_3_labeled,iPad,7,1006161d09917738,8081
apple_apartment_group1_6h_3_labeled,iPad,8,1006141d2dbc2948,8081
apple_apartment_group1_6h_3_labeled,iPad,9,10061e1d9020d218,7928
apple_apartment_group1_6h_3_labeled,iPad,10,1006181d89e3c938,7820
apple_apartment_group1_6h_3_labeled,AirTag,1,12029000,1159
apple_apartment_group1_6h_3_labeled,AirTag,2,1219907319725c301c8b9b01f6862d4300ca91d86844e1d4e603d5,1122
apple_apartment_group1_6h_3_labeled,AirTag,3,121990eebde28731335539cfc22af5c96cac8b54de1d65d1f6005c,1102
apple_apartment_group1_6h_3_labeled,AirTag,4,1219906b1c0d155491dbb48a670dc11a252dea02162917f9f7020a,1057
apple_apartment_group1_6h_3_labeled,AirTag,5,1219500aa455c5f8f8e5408fdd226dce6e0cc3f197c64e9980023e,1034
apple_apartment_group1_6h_3_labeled,AirTag,6,12199090c3cb570e0f151bca15f527f5bfc179b1649fa07c14025e,1032
apple_apartment_group1_6h_3_labeled,AirTag,7,1219906e24dd3577b8f58115b0b89f5f6e10b4d535e636b9be00f1,991
apple_apartment_group1_6h_3_labeled,AirTag,8,121950fb2783ab3d23a5e79673060ae740a9a72dd2481f2bdf03c4,968
apple_apartment_group1_6h_3_labeled,AirTag,9,12199047549de99006009ac8019fd46d57ab1723911ffdfe940394,938
apple_apartment_group1_6h_3_labeled,AirTag,10,1219506eb13f134299409dd26cf2c83bc34295324696b572a403cf,888
apple_uni_group1_2h_labeled,AirPods,1,0719010e2021998f0100053a1a70356a3a1d104aa27eeb0d59007c,2090
apple_uni_group1_2h_labeled,AirPods,2,0719010e2021668f01000527e12bac8c2fe998815c128495ed1a4d,1869
apple_uni_group1_2h_labeled,AirPods,3,0719010e2021888f01000577771a1cdf7e1ba345d7bd6fb67ad1e9,1783
apple_uni_group1_2h_labeled,AirPods,4,0719010e2021888f01000527d584f5d239dbb4fbf1d51ae0cbe113,1767
apple_uni_group1_2h_labeled,AirPods,5,0719010e2021778f010005ef19de21ed451688584589a1a827cbff,1767
apple_uni_group1_2h_labeled,AirPods,6,0719010e2021788f010005e6a14e5e78ed6e2f8fcbaa7bd79b5f78,1749
apple_uni_group1_2h_labeled,AirPods,7,0719010e2021668f010005a5481c1dc52bb10b7a81d3a37f93c34a,1727
apple_uni_group1_2h_labeled,AirPods,8,0719010e2021778f010005aeef400a8bfa0569ad33121214ca645d,1717
apple_uni_group1_2h_labeled,AirPods,9,0719010e2021998f01000532add8212fcb12cea8c2ab5ec13e9f83,1669
apple_uni_group1_2h_labeled,AirPods,10,0719010e2021888f010005b48b0fe8653576f2fabc97a477dd47b8,1663
apple_uni_group1_2h_labeled,iPad,1,10051418910902,7153
apple_uni_group1_2h_labeled,iPad,2,10051d183da182,6864
apple_uni_group1_2h_labeled,iPad,3,10051b18d3892c,6849
apple_uni_group1_2h_labeled,iPad,4,10051718a08932,5500
apple_uni_group1_2h_labeled,iPad,5,1005151874aeb6,4363
apple_uni_group1_2h_labeled,iPad,6,10051318fbe8e3,4307
apple_uni_group1_2h_labeled,iPad,7,10051a188c9ca7,4234
apple_uni_group1_2h_labeled,iPad,8,100517180c03e3,3593
apple_uni_group1_2h_labeled,iPad,9,10051018ed469d,1669
apple_uni_group1_2h_labeled,iPad,10,10051b18843ae0,1432
apple_uni_group1_2h_labeled,AirTag,1,121990a9027d3c1c9b42aa147fd34ffa117f602ad1ec33e6bf03cc,800
apple_uni_group1_2h_labeled,AirTag,2,121990a9027d3c1c9b42aa147fd34ffa117f602ad1ec33e6bf03f7,795
apple_uni_group1_2h_labeled,AirTag,3,121990055c0bfb38953ae68999a8ad94a88bc6930ca246f4bb03d0,726
apple_uni_group1_2h_labeled,AirTag,4,12199049ef5506e1d2fea6b2b68d8a06aaba3aaae0692cc55b00c1,720
apple_uni_group1_2h_labeled,AirTag,5,121990b7b138d796987cf9f72c6fd7bae6cede88dd4e5c1e220273,669
apple_uni_group1_2h_labeled,AirTag,6,1219900eb75c43547d71f6542b6d7ecb0dc50f7155a6fb832403ae,645
apple_uni_group1_2h_labeled,AirTag,7,121990a3b2f568e45a8d942fe01f48b7c4295826d959c9058f022a,581
apple_uni_group1_2h_labeled,AirTag,8,12029003,496
apple_uni_group1_2h_labeled,AirTag,9,121990055c0bfb38953ae68999a8ad94a88bc6930ca246f4bb031f,294
apple_uni_group1_2h_labeled,AirTag,10,121990b7b138d796987cf9f72c6fd7bae6cede88dd4e5c1e2202d0,231
